familia;indice_fam;subposicion_1;subposicion_2;subposicion_3;subposicion_4;energia
1;1;0;0;0;1;1.2901211
1;2;0;0;1;0;1.2901211
1;3;1;0;0;0;1.2901211
1;4;0;1;0;0;1.2901211
2;1;0;0;0;2;0.0606045
2;2;0;0;2;0;0.0606045
2;3;2;0;0;0;0.0606045
2;4;0;2;0;0;0.0606045
3;1;0;0;0;3;1.146497
3;2;0;0;3;0;1.146497
3;3;3;0;0;0;1.146497
3;4;0;3;0;0;1.146497
4;1;0;0;0;4;2.6404064
4;2;0;0;4;0;2.6404064
4;3;4;0;0;0;2.6404064
4;4;0;4;0;0;2.6404064
5;1;0;0;0;5;4.0071102
5;2;0;0;5;0;4.0071102
5;3;5;0;0;0;4.0071102
5;4;0;5;0;0;4.0071102
6;1;0;0;1;2;1.3507255999999999
6;2;0;0;2;1;1.3507255999999999
6;3;2;1;0;0;1.3507255999999999
6;4;1;2;0;0;1.3507255999999999
7;1;0;0;1;3;2.4366181
7;2;0;0;3;1;2.4366181
7;3;3;1;0;0;2.4366181
7;4;1;3;0;0;2.4366181
8;1;0;0;1;4;3.9305274999999997
8;2;0;0;4;1;3.9305274999999997
8;3;4;1;0;0;3.9305274999999997
8;4;1;4;0;0;3.9305274999999997
9;1;0;0;1;5;5.2972313
9;2;0;0;5;1;5.2972313
9;3;5;1;0;0;5.2972313
9;4;1;5;0;0;5.2972313
10;1;0;0;2;3;1.2071015
10;2;0;0;3;2;1.2071015
10;3;3;2;0;0;1.2071015
10;4;2;3;0;0;1.2071015
11;1;0;0;2;4;2.7010109
11;2;0;0;4;2;2.7010109
11;3;4;2;0;0;2.7010109
11;4;2;4;0;0;2.7010109
12;1;0;0;2;5;4.0677147
12;2;0;0;5;2;4.0677147
12;3;5;2;0;0;4.0677147
12;4;2;5;0;0;4.0677147
13;1;0;0;3;4;3.7869034
13;2;0;0;4;3;3.7869034
13;3;4;3;0;0;3.7869034
13;4;3;4;0;0;3.7869034
14;1;0;0;3;5;5.1536072
14;2;0;0;5;3;5.1536072
14;3;5;3;0;0;5.1536072
14;4;3;5;0;0;5.1536072
15;1;0;0;4;5;6.647516599999999
15;2;0;0;5;4;6.647516599999999
15;3;5;4;0;0;6.647516599999999
15;4;4;5;0;0;6.647516599999999
16;1;0;1;0;2;1.3507255999999999
16;2;1;0;2;0;1.3507255999999999
16;3;2;0;1;0;1.3507255999999999
16;4;0;2;0;1;1.3507255999999999
17;1;0;1;0;3;2.4366181
17;2;1;0;3;0;2.4366181
17;3;3;0;1;0;2.4366181
17;4;0;3;0;1;2.4366181
18;1;0;1;0;4;3.9305274999999997
18;2;1;0;4;0;3.9305274999999997
18;3;4;0;1;0;3.9305274999999997
18;4;0;4;0;1;3.9305274999999997
19;1;0;1;0;5;5.2972313
19;2;1;0;5;0;5.2972313
19;3;5;0;1;0;5.2972313
19;4;0;5;0;1;5.2972313
20;1;0;1;1;1;3.8703632999999997
20;2;1;0;1;1;3.8703632999999997
20;3;1;1;1;0;3.8703632999999997
20;4;1;1;0;1;3.8703632999999997
21;1;0;1;1;2;2.6408467
21;2;1;0;2;1;2.6408467
21;3;2;1;1;0;2.6408467
21;4;1;2;0;1;2.6408467
22;1;0;1;1;3;3.7267392
22;2;1;0;3;1;3.7267392
22;3;3;1;1;0;3.7267392
22;4;1;3;0;1;3.7267392
23;1;0;1;1;4;5.2206486
23;2;1;0;4;1;5.2206486
23;3;4;1;1;0;5.2206486
23;4;1;4;0;1;5.2206486
24;1;0;1;1;5;6.587352399999999
24;2;1;0;5;1;6.5873524
24;3;5;1;1;0;6.5873524
24;4;1;5;0;1;6.5873524
25;1;0;1;2;2;1.4113300999999998
25;2;1;0;2;2;1.4113300999999998
25;3;2;2;1;0;1.4113300999999998
25;4;2;2;0;1;1.4113300999999998
26;1;0;1;2;3;2.4972225999999997
26;2;1;0;3;2;2.4972226
26;3;3;2;1;0;2.4972225999999997
26;4;2;3;0;1;2.4972225999999997
27;1;0;1;2;4;3.9911319999999995
27;2;1;0;4;2;3.991132
27;3;4;2;1;0;3.991132
27;4;2;4;0;1;3.991132
28;1;0;1;2;5;5.357835799999999
28;2;1;0;5;2;5.3578358
28;3;5;2;1;0;5.3578358
28;4;2;5;0;1;5.3578358
29;1;0;1;3;3;3.5831151
29;2;1;0;3;3;3.5831151
29;3;3;3;1;0;3.5831151
29;4;3;3;0;1;3.5831151
30;1;0;1;3;4;5.0770245
30;2;1;0;4;3;5.0770245
30;3;4;3;1;0;5.0770245
30;4;3;4;0;1;5.0770245
31;1;0;1;3;5;6.4437283
31;2;1;0;5;3;6.4437283
31;3;5;3;1;0;6.4437283
31;4;3;5;0;1;6.4437283
32;1;0;1;4;4;6.5709339
32;2;1;0;4;4;6.5709339
32;3;4;4;1;0;6.5709339
32;4;4;4;0;1;6.5709339
33;1;0;1;4;5;7.9376377
33;2;1;0;5;4;7.9376377
33;3;5;4;1;0;7.9376377
33;4;4;5;0;1;7.9376377
34;1;0;1;5;5;9.3043415
34;2;1;0;5;5;9.3043415
34;3;5;5;1;0;9.3043415
34;4;5;5;0;1;9.3043415
35;1;0;2;0;3;1.2071015
35;2;2;0;3;0;1.2071015
35;3;3;0;2;0;1.2071015
35;4;0;3;0;2;1.2071015
36;1;0;2;0;4;2.7010109
36;2;2;0;4;0;2.7010109
36;3;4;0;2;0;2.7010109
36;4;0;4;0;2;2.7010109
37;1;0;2;0;5;4.0677147
37;2;2;0;5;0;4.0677147
37;3;5;0;2;0;4.0677147
37;4;0;5;0;2;4.0677147
38;1;0;2;1;2;1.4113300999999998
38;2;2;0;2;1;1.4113300999999998
38;3;2;1;2;0;1.4113300999999998
38;4;1;2;0;2;1.4113300999999998
39;1;0;2;1;3;2.4972225999999997
39;2;2;0;3;1;2.4972225999999997
39;3;3;1;2;0;2.4972226
39;4;1;3;0;2;2.4972226
40;1;0;2;1;4;3.9911319999999995
40;2;2;0;4;1;3.991132
40;3;4;1;2;0;3.991132
40;4;1;4;0;2;3.991132
41;1;0;2;1;5;5.357835799999999
41;2;2;0;5;1;5.3578358
41;3;5;1;2;0;5.3578358
41;4;1;5;0;2;5.3578358
42;1;0;2;2;2;0.1818135
42;2;2;0;2;2;0.1818135
42;3;2;2;2;0;0.1818135
42;4;2;2;0;2;0.1818135
43;1;0;2;2;3;1.267706
43;2;2;0;3;2;1.267706
43;3;3;2;2;0;1.267706
43;4;2;3;0;2;1.267706
44;1;0;2;2;4;2.7616153999999997
44;2;2;0;4;2;2.7616154
44;3;4;2;2;0;2.7616154
44;4;2;4;0;2;2.7616154
45;1;0;2;2;5;4.1283192
45;2;2;0;5;2;4.1283192
45;3;5;2;2;0;4.1283192
45;4;2;5;0;2;4.1283192
46;1;0;2;3;3;2.3535985000000004
46;2;2;0;3;3;2.3535985000000004
46;3;3;3;2;0;2.3535985000000004
46;4;3;3;0;2;2.3535985000000004
47;1;0;2;3;4;3.8475079
47;2;2;0;4;3;3.8475079
47;3;4;3;2;0;3.8475079
47;4;3;4;0;2;3.8475079
48;1;0;2;3;5;5.2142117
48;2;2;0;5;3;5.2142117
48;3;5;3;2;0;5.2142117
48;4;3;5;0;2;5.2142117
49;1;0;2;4;4;5.3414173
49;2;2;0;4;4;5.3414173
49;3;4;4;2;0;5.3414173
49;4;4;4;0;2;5.3414173
50;1;0;2;4;5;6.7081211
50;2;2;0;5;4;6.7081211
50;3;5;4;2;0;6.7081211
50;4;4;5;0;2;6.7081211
51;1;0;2;5;5;8.0748249
51;2;2;0;5;5;8.0748249
51;3;5;5;2;0;8.0748249
51;4;5;5;0;2;8.0748249
52;1;0;3;0;4;3.7869034
52;2;3;0;4;0;3.7869034
52;3;4;0;3;0;3.7869034
52;4;0;4;0;3;3.7869034
53;1;0;3;0;5;5.1536072
53;2;3;0;5;0;5.1536072
53;3;5;0;3;0;5.1536072
53;4;0;5;0;3;5.1536072
54;1;0;3;1;3;3.5831151
54;2;3;0;3;1;3.5831151
54;3;3;1;3;0;3.5831151
54;4;1;3;0;3;3.5831151
55;1;0;3;1;4;5.0770245
55;2;3;0;4;1;5.0770245
55;3;4;1;3;0;5.0770245
55;4;1;4;0;3;5.0770245
56;1;0;3;1;5;6.4437283
56;2;3;0;5;1;6.4437283
56;3;5;1;3;0;6.4437283
56;4;1;5;0;3;6.4437283
57;1;0;3;2;3;2.3535985000000004
57;2;3;0;3;2;2.3535985000000004
57;3;3;2;3;0;2.3535985000000004
57;4;2;3;0;3;2.3535985000000004
58;1;0;3;2;4;3.8475079
58;2;3;0;4;2;3.8475079
58;3;4;2;3;0;3.8475079
58;4;2;4;0;3;3.8475079
59;1;0;3;2;5;5.2142117
59;2;3;0;5;2;5.2142117
59;3;5;2;3;0;5.2142117
59;4;2;5;0;3;5.2142117
60;1;0;3;3;3;3.4394910000000003
60;2;3;0;3;3;3.4394910000000003
60;3;3;3;3;0;3.4394910000000003
60;4;3;3;0;3;3.4394910000000003
61;1;0;3;3;4;4.9334004
61;2;3;0;4;3;4.9334004
61;3;4;3;3;0;4.9334004
61;4;3;4;0;3;4.9334004
62;1;0;3;3;5;6.3001042
62;2;3;0;5;3;6.3001042
62;3;5;3;3;0;6.3001042
62;4;3;5;0;3;6.3001042
63;1;0;3;4;4;6.4273098
63;2;3;0;4;4;6.4273098
63;3;4;4;3;0;6.4273098
63;4;4;4;0;3;6.4273098
64;1;0;3;4;5;7.7940135999999995
64;2;3;0;5;4;7.7940135999999995
64;3;5;4;3;0;7.7940135999999995
64;4;4;5;0;3;7.7940135999999995
65;1;0;3;5;5;9.1607174
65;2;3;0;5;5;9.1607174
65;3;5;5;3;0;9.1607174
65;4;5;5;0;3;9.1607174
66;1;0;4;0;5;6.647516599999999
66;2;4;0;5;0;6.647516599999999
66;3;5;0;4;0;6.647516599999999
66;4;0;5;0;4;6.647516599999999
67;1;0;4;1;4;6.5709339
67;2;4;0;4;1;6.5709339
67;3;4;1;4;0;6.5709339
67;4;1;4;0;4;6.5709339
68;1;0;4;1;5;7.9376377
68;2;4;0;5;1;7.9376377
68;3;5;1;4;0;7.9376377
68;4;1;5;0;4;7.9376377
69;1;0;4;2;4;5.3414173
69;2;4;0;4;2;5.3414173
69;3;4;2;4;0;5.3414173
69;4;2;4;0;4;5.3414173
70;1;0;4;2;5;6.7081211
70;2;4;0;5;2;6.7081211
70;3;5;2;4;0;6.7081211
70;4;2;5;0;4;6.7081211
71;1;0;4;3;4;6.4273098
71;2;4;0;4;3;6.4273098
71;3;4;3;4;0;6.4273098
71;4;3;4;0;4;6.4273098
72;1;0;4;3;5;7.7940135999999995
72;2;4;0;5;3;7.7940135999999995
72;3;5;3;4;0;7.7940135999999995
72;4;3;5;0;4;7.7940135999999995
73;1;0;4;4;4;7.9212191999999995
73;2;4;0;4;4;7.9212191999999995
73;3;4;4;4;0;7.9212191999999995
73;4;4;4;0;4;7.9212191999999995
74;1;0;4;4;5;9.287923
74;2;4;0;5;4;9.287923
74;3;5;4;4;0;9.287923
74;4;4;5;0;4;9.287923
75;1;0;4;5;5;10.654626799999999
75;2;4;0;5;5;10.654626799999999
75;3;5;5;4;0;10.654626799999999
75;4;5;5;0;4;10.654626799999999
76;1;0;5;1;5;9.3043415
76;2;5;0;5;1;9.3043415
76;3;5;1;5;0;9.3043415
76;4;1;5;0;5;9.3043415
77;1;0;5;2;5;8.0748249
77;2;5;0;5;2;8.0748249
77;3;5;2;5;0;8.0748249
77;4;2;5;0;5;8.0748249
78;1;0;5;3;5;9.1607174
78;2;5;0;5;3;9.1607174
78;3;5;3;5;0;9.1607174
78;4;3;5;0;5;9.1607174
79;1;0;5;4;5;10.654626799999999
79;2;5;0;5;4;10.654626799999999
79;3;5;4;5;0;10.654626799999999
79;4;4;5;0;5;10.654626799999999
80;1;0;5;5;5;12.021330599999999
80;2;5;0;5;5;12.021330599999999
80;3;5;5;5;0;12.021330599999999
80;4;5;5;0;5;12.021330599999999
81;1;1;0;0;2;1.3507255999999999
81;2;0;1;2;0;1.3507255999999999
81;3;2;0;0;1;1.3507255999999999
81;4;0;2;1;0;1.3507255999999999
82;1;1;0;0;3;2.4366181
82;2;0;1;3;0;2.4366181
82;3;3;0;0;1;2.4366181
82;4;0;3;1;0;2.4366181
83;1;1;0;0;4;3.9305274999999997
83;2;0;1;4;0;3.9305274999999997
83;3;4;0;0;1;3.9305274999999997
83;4;0;4;1;0;3.9305274999999997
84;1;1;0;0;5;5.2972313
84;2;0;1;5;0;5.2972313
84;3;5;0;0;1;5.2972313
84;4;0;5;1;0;5.2972313
85;1;1;0;1;2;2.6408467
85;2;0;1;2;1;2.6408467
85;3;2;1;0;1;2.6408467
85;4;1;2;1;0;2.6408467
86;1;1;0;1;3;3.7267392
86;2;0;1;3;1;3.7267392
86;3;3;1;0;1;3.7267392
86;4;1;3;1;0;3.7267392
87;1;1;0;1;4;5.2206486
87;2;0;1;4;1;5.2206486
87;3;4;1;0;1;5.2206486
87;4;1;4;1;0;5.2206486
88;1;1;0;1;5;6.587352399999999
88;2;0;1;5;1;6.5873524
88;3;5;1;0;1;6.5873524
88;4;1;5;1;0;6.5873524
89;1;1;0;2;3;2.4972225999999997
89;2;0;1;3;2;2.4972226
89;3;3;2;0;1;2.4972225999999997
89;4;2;3;1;0;2.4972225999999997
90;1;1;0;2;4;3.9911319999999995
90;2;0;1;4;2;3.991132
90;3;4;2;0;1;3.991132
90;4;2;4;1;0;3.991132
91;1;1;0;2;5;5.357835799999999
91;2;0;1;5;2;5.3578358
91;3;5;2;0;1;5.3578358
91;4;2;5;1;0;5.3578358
92;1;1;0;3;4;5.0770245
92;2;0;1;4;3;5.0770245
92;3;4;3;0;1;5.0770245
92;4;3;4;1;0;5.0770245
93;1;1;0;3;5;6.4437283
93;2;0;1;5;3;6.4437283
93;3;5;3;0;1;6.4437283
93;4;3;5;1;0;6.4437283
94;1;1;0;4;5;7.9376377
94;2;0;1;5;4;7.9376377
94;3;5;4;0;1;7.9376377
94;4;4;5;1;0;7.9376377
95;1;1;1;0;2;2.6408467
95;2;1;1;2;0;2.6408467
95;3;2;0;1;1;2.6408467
95;4;0;2;1;1;2.6408467
96;1;1;1;0;3;3.7267392
96;2;1;1;3;0;3.7267392
96;3;3;0;1;1;3.7267392
96;4;0;3;1;1;3.7267392
97;1;1;1;0;4;5.2206486
97;2;1;1;4;0;5.2206486
97;3;4;0;1;1;5.2206486
97;4;0;4;1;1;5.2206486
98;1;1;1;0;5;6.587352399999999
98;2;1;1;5;0;6.587352399999999
98;3;5;0;1;1;6.5873524
98;4;0;5;1;1;6.5873524
99;1;1;1;1;2;3.9309678
99;2;1;1;2;1;3.9309678
99;3;2;1;1;1;3.9309678
99;4;1;2;1;1;3.9309678
100;1;1;1;1;3;5.016860299999999
100;2;1;1;3;1;5.016860299999999
100;3;3;1;1;1;5.016860299999999
100;4;1;3;1;1;5.016860299999999
101;1;1;1;1;4;6.510769699999999
101;2;1;1;4;1;6.510769699999999
101;3;4;1;1;1;6.510769699999999
101;4;1;4;1;1;6.510769699999999
102;1;1;1;1;5;7.877473499999999
102;2;1;1;5;1;7.877473499999999
102;3;5;1;1;1;7.877473500000001
102;4;1;5;1;1;7.877473500000001
103;1;1;1;2;3;3.7873437
103;2;1;1;3;2;3.7873437
103;3;3;2;1;1;3.7873436999999996
103;4;2;3;1;1;3.7873436999999996
104;1;1;1;2;4;5.2812531
104;2;1;1;4;2;5.2812531
104;3;4;2;1;1;5.2812531
104;4;2;4;1;1;5.2812531
105;1;1;1;2;5;6.6479569
105;2;1;1;5;2;6.6479569
105;3;5;2;1;1;6.6479569000000005
105;4;2;5;1;1;6.6479569000000005
106;1;1;1;3;4;6.3671456
106;2;1;1;4;3;6.3671456
106;3;4;3;1;1;6.367145600000001
106;4;3;4;1;1;6.367145600000001
107;1;1;1;3;5;7.7338493999999995
107;2;1;1;5;3;7.7338493999999995
107;3;5;3;1;1;7.7338494
107;4;3;5;1;1;7.7338494
108;1;1;1;4;5;9.2277588
108;2;1;1;5;4;9.2277588
108;3;5;4;1;1;9.2277588
108;4;4;5;1;1;9.2277588
109;1;1;2;0;3;2.4972225999999997
109;2;2;1;3;0;2.4972225999999997
109;3;3;0;2;1;2.4972225999999997
109;4;0;3;1;2;2.4972226
110;1;1;2;0;4;3.9911319999999995
110;2;2;1;4;0;3.9911319999999995
110;3;4;0;2;1;3.991132
110;4;0;4;1;2;3.991132
111;1;1;2;0;5;5.357835799999999
111;2;2;1;5;0;5.357835799999999
111;3;5;0;2;1;5.3578358
111;4;0;5;1;2;5.3578358
112;1;1;2;1;3;3.7873437
112;2;2;1;3;1;3.7873436999999996
112;3;3;1;2;1;3.7873437
112;4;1;3;1;2;3.7873437
113;1;1;2;1;4;5.2812531
113;2;2;1;4;1;5.281253099999999
113;3;4;1;2;1;5.2812531
113;4;1;4;1;2;5.2812531
114;1;1;2;1;5;6.6479569
114;2;2;1;5;1;6.647956899999999
114;3;5;1;2;1;6.6479569000000005
114;4;1;5;1;2;6.6479569000000005
115;1;1;2;2;2;1.4719345999999998
115;2;2;1;2;2;1.4719345999999998
115;3;2;2;2;1;1.4719346
115;4;2;2;1;2;1.4719345999999998
116;1;1;2;2;3;2.5578271
116;2;2;1;3;2;2.5578271
116;3;3;2;2;1;2.5578271
116;4;2;3;1;2;2.5578271
117;1;1;2;2;4;4.0517365
117;2;2;1;4;2;4.0517365
117;3;4;2;2;1;4.0517365000000005
117;4;2;4;1;2;4.0517365
118;1;1;2;2;5;5.418440299999999
118;2;2;1;5;2;5.418440299999999
118;3;5;2;2;1;5.4184403
118;4;2;5;1;2;5.4184403
119;1;1;2;3;3;3.6437196
119;2;2;1;3;3;3.6437196
119;3;3;3;2;1;3.6437196000000003
119;4;3;3;1;2;3.6437196000000003
120;1;1;2;3;4;5.137629
120;2;2;1;4;3;5.137629
120;3;4;3;2;1;5.1376290000000004
120;4;3;4;1;2;5.1376290000000004
121;1;1;2;3;5;6.504332799999999
121;2;2;1;5;3;6.504332799999999
121;3;5;3;2;1;6.5043328
121;4;3;5;1;2;6.5043328
122;1;1;2;4;4;6.631538399999999
122;2;2;1;4;4;6.631538399999999
122;3;4;4;2;1;6.6315384
122;4;4;4;1;2;6.6315384
123;1;1;2;4;5;7.998242199999999
123;2;2;1;5;4;7.998242199999999
123;3;5;4;2;1;7.9982422
123;4;4;5;1;2;7.9982422
124;1;1;2;5;5;9.364946
124;2;2;1;5;5;9.364946
124;3;5;5;2;1;9.364946
124;4;5;5;1;2;9.364946
125;1;1;3;0;4;5.0770245
125;2;3;1;4;0;5.0770245
125;3;4;0;3;1;5.0770245
125;4;0;4;1;3;5.0770245
126;1;1;3;0;5;6.4437283
126;2;3;1;5;0;6.4437283
126;3;5;0;3;1;6.4437283
126;4;0;5;1;3;6.4437283
127;1;1;3;1;4;6.3671456
127;2;3;1;4;1;6.367145600000001
127;3;4;1;3;1;6.367145600000001
127;4;1;4;1;3;6.3671456
128;1;1;3;1;5;7.7338493999999995
128;2;3;1;5;1;7.7338494
128;3;5;1;3;1;7.7338494
128;4;1;5;1;3;7.7338494
129;1;1;3;2;3;3.6437196000000003
129;2;3;1;3;2;3.6437196000000003
129;3;3;2;3;1;3.6437196000000003
129;4;2;3;1;3;3.6437196
130;1;1;3;2;4;5.1376290000000004
130;2;3;1;4;2;5.1376290000000004
130;3;4;2;3;1;5.1376290000000004
130;4;2;4;1;3;5.1376290000000004
131;1;1;3;2;5;6.5043328
131;2;3;1;5;2;6.5043328
131;3;5;2;3;1;6.5043328
131;4;2;5;1;3;6.5043328
132;1;1;3;3;3;4.729612100000001
132;2;3;1;3;3;4.729612100000001
132;3;3;3;3;1;4.729612100000001
132;4;3;3;1;3;4.729612100000001
133;1;1;3;3;4;6.2235215
133;2;3;1;4;3;6.2235215
133;3;4;3;3;1;6.2235215
133;4;3;4;1;3;6.2235215
134;1;1;3;3;5;7.5902253
134;2;3;1;5;3;7.5902253
134;3;5;3;3;1;7.5902253
134;4;3;5;1;3;7.5902253
135;1;1;3;4;4;7.7174309
135;2;3;1;4;4;7.7174309
135;3;4;4;3;1;7.7174309
135;4;4;4;1;3;7.7174309
136;1;1;3;4;5;9.0841347
136;2;3;1;5;4;9.0841347
136;3;5;4;3;1;9.0841347
136;4;4;5;1;3;9.0841347
137;1;1;3;5;5;10.4508385
137;2;3;1;5;5;10.4508385
137;3;5;5;3;1;10.4508385
137;4;5;5;1;3;10.4508385
138;1;1;4;0;5;7.9376377
138;2;4;1;5;0;7.9376377
138;3;5;0;4;1;7.9376377
138;4;0;5;1;4;7.9376377
139;1;1;4;1;5;9.2277588
139;2;4;1;5;1;9.2277588
139;3;5;1;4;1;9.2277588
139;4;1;5;1;4;9.2277588
140;1;1;4;2;4;6.6315384
140;2;4;1;4;2;6.6315384
140;3;4;2;4;1;6.6315384
140;4;2;4;1;4;6.6315384
141;1;1;4;2;5;7.9982422
141;2;4;1;5;2;7.9982422
141;3;5;2;4;1;7.9982422
141;4;2;5;1;4;7.9982422
142;1;1;4;3;4;7.7174309
142;2;4;1;4;3;7.7174309
142;3;4;3;4;1;7.7174309
142;4;3;4;1;4;7.7174309
143;1;1;4;3;5;9.0841347
143;2;4;1;5;3;9.0841347
143;3;5;3;4;1;9.0841347
143;4;3;5;1;4;9.0841347
144;1;1;4;4;4;9.2113403
144;2;4;1;4;4;9.2113403
144;3;4;4;4;1;9.2113403
144;4;4;4;1;4;9.2113403
145;1;1;4;4;5;10.5780441
145;2;4;1;5;4;10.5780441
145;3;5;4;4;1;10.5780441
145;4;4;5;1;4;10.5780441
146;1;1;4;5;5;11.9447479
146;2;4;1;5;5;11.9447479
146;3;5;5;4;1;11.9447479
146;4;5;5;1;4;11.9447479
147;1;1;5;2;5;9.364946
147;2;5;1;5;2;9.364946
147;3;5;2;5;1;9.364946
147;4;2;5;1;5;9.364946
148;1;1;5;3;5;10.4508385
148;2;5;1;5;3;10.4508385
148;3;5;3;5;1;10.4508385
148;4;3;5;1;5;10.4508385
149;1;1;5;4;5;11.9447479
149;2;5;1;5;4;11.9447479
149;3;5;4;5;1;11.9447479
149;4;4;5;1;5;11.9447479
150;1;1;5;5;5;13.3114517
150;2;5;1;5;5;13.3114517
150;3;5;5;5;1;13.3114517
150;4;5;5;1;5;13.3114517
151;1;2;0;0;3;1.2071015
151;2;0;2;3;0;1.2071015
151;3;3;0;0;2;1.2071015
151;4;0;3;2;0;1.2071015
152;1;2;0;0;4;2.7010109
152;2;0;2;4;0;2.7010109
152;3;4;0;0;2;2.7010109
152;4;0;4;2;0;2.7010109
153;1;2;0;0;5;4.0677147
153;2;0;2;5;0;4.0677147
153;3;5;0;0;2;4.0677147
153;4;0;5;2;0;4.0677147
154;1;2;0;1;2;1.4113300999999998
154;2;0;2;2;1;1.4113300999999998
154;3;2;1;0;2;1.4113300999999998
154;4;1;2;2;0;1.4113300999999998
155;1;2;0;1;3;2.4972225999999997
155;2;0;2;3;1;2.4972225999999997
155;3;3;1;0;2;2.4972226
155;4;1;3;2;0;2.4972226
156;1;2;0;1;4;3.9911319999999995
156;2;0;2;4;1;3.991132
156;3;4;1;0;2;3.991132
156;4;1;4;2;0;3.991132
157;1;2;0;1;5;5.357835799999999
157;2;0;2;5;1;5.3578358
157;3;5;1;0;2;5.3578358
157;4;1;5;2;0;5.3578358
158;1;2;0;2;3;1.267706
158;2;0;2;3;2;1.267706
158;3;3;2;0;2;1.267706
158;4;2;3;2;0;1.267706
159;1;2;0;2;4;2.7616153999999997
159;2;0;2;4;2;2.7616154
159;3;4;2;0;2;2.7616154
159;4;2;4;2;0;2.7616154
160;1;2;0;2;5;4.1283192
160;2;0;2;5;2;4.1283192
160;3;5;2;0;2;4.1283192
160;4;2;5;2;0;4.1283192
161;1;2;0;3;4;3.8475079
161;2;0;2;4;3;3.8475079
161;3;4;3;0;2;3.8475079
161;4;3;4;2;0;3.8475079
162;1;2;0;3;5;5.2142117
162;2;0;2;5;3;5.2142117
162;3;5;3;0;2;5.2142117
162;4;3;5;2;0;5.2142117
163;1;2;0;4;5;6.7081211
163;2;0;2;5;4;6.7081211
163;3;5;4;0;2;6.7081211
163;4;4;5;2;0;6.7081211
164;1;2;1;0;3;2.4972225999999997
164;2;1;2;3;0;2.4972225999999997
164;3;3;0;1;2;2.4972226
164;4;0;3;2;1;2.4972225999999997
165;1;2;1;0;4;3.9911319999999995
165;2;1;2;4;0;3.9911319999999995
165;3;4;0;1;2;3.991132
165;4;0;4;2;1;3.991132
166;1;2;1;0;5;5.357835799999999
166;2;1;2;5;0;5.357835799999999
166;3;5;0;1;2;5.3578358
166;4;0;5;2;1;5.3578358
167;1;2;1;1;3;3.7873437
167;2;1;2;3;1;3.7873436999999996
167;3;3;1;1;2;3.7873437
167;4;1;3;2;1;3.7873437
168;1;2;1;1;4;5.2812531
168;2;1;2;4;1;5.281253099999999
168;3;4;1;1;2;5.2812531
168;4;1;4;2;1;5.2812531
169;1;2;1;1;5;6.6479569
169;2;1;2;5;1;6.647956899999999
169;3;5;1;1;2;6.6479569000000005
169;4;1;5;2;1;6.6479569000000005
170;1;2;1;2;3;2.5578271
170;2;1;2;3;2;2.5578271
170;3;3;2;1;2;2.5578271
170;4;2;3;2;1;2.5578271
171;1;2;1;2;4;4.0517365
171;2;1;2;4;2;4.0517365
171;3;4;2;1;2;4.0517365
171;4;2;4;2;1;4.0517365000000005
172;1;2;1;2;5;5.418440299999999
172;2;1;2;5;2;5.418440299999999
172;3;5;2;1;2;5.4184403
172;4;2;5;2;1;5.4184403
173;1;2;1;3;4;5.137629
173;2;1;2;4;3;5.137629
173;3;4;3;1;2;5.1376290000000004
173;4;3;4;2;1;5.1376290000000004
174;1;2;1;3;5;6.504332799999999
174;2;1;2;5;3;6.504332799999999
174;3;5;3;1;2;6.5043328
174;4;3;5;2;1;6.5043328
175;1;2;1;4;5;7.998242199999999
175;2;1;2;5;4;7.998242199999999
175;3;5;4;1;2;7.9982422
175;4;4;5;2;1;7.9982422
176;1;2;2;0;3;1.267706
176;2;2;2;3;0;1.267706
176;3;3;0;2;2;1.267706
176;4;0;3;2;2;1.267706
177;1;2;2;0;4;2.7616153999999997
177;2;2;2;4;0;2.7616153999999997
177;3;4;0;2;2;2.7616154
177;4;0;4;2;2;2.7616154
178;1;2;2;0;5;4.1283192
178;2;2;2;5;0;4.1283192
178;3;5;0;2;2;4.1283192
178;4;0;5;2;2;4.1283192
179;1;2;2;1;3;2.5578271
179;2;2;2;3;1;2.5578271
179;3;3;1;2;2;2.5578271000000004
179;4;1;3;2;2;2.5578271000000004
180;1;2;2;1;4;4.0517365
180;2;2;2;4;1;4.0517365
180;3;4;1;2;2;4.0517365
180;4;1;4;2;2;4.0517365
181;1;2;2;1;5;5.418440299999999
181;2;2;2;5;1;5.4184403
181;3;5;1;2;2;5.4184403
181;4;1;5;2;2;5.4184403
182;1;2;2;2;3;1.3283105000000002
182;2;2;2;3;2;1.3283105
182;3;3;2;2;2;1.3283105
182;4;2;3;2;2;1.3283105
183;1;2;2;2;4;2.8222199
183;2;2;2;4;2;2.8222199
183;3;4;2;2;2;2.8222199000000003
183;4;2;4;2;2;2.8222199000000003
184;1;2;2;2;5;4.188923699999999
184;2;2;2;5;2;4.1889237
184;3;5;2;2;2;4.1889237
184;4;2;5;2;2;4.1889237
185;1;2;2;3;4;3.9081124
185;2;2;2;4;3;3.9081124
185;3;4;3;2;2;3.9081124000000003
185;4;3;4;2;2;3.9081124000000003
186;1;2;2;3;5;5.2748162
186;2;2;2;5;3;5.2748162
186;3;5;3;2;2;5.2748162
186;4;3;5;2;2;5.2748162
187;1;2;2;4;5;6.7687256
187;2;2;2;5;4;6.7687256
187;3;5;4;2;2;6.7687256
187;4;4;5;2;2;6.7687256
188;1;2;3;0;4;3.8475079
188;2;3;2;4;0;3.8475079
188;3;4;0;3;2;3.8475079
188;4;0;4;2;3;3.8475079
189;1;2;3;0;5;5.2142117
189;2;3;2;5;0;5.2142117
189;3;5;0;3;2;5.2142117
189;4;0;5;2;3;5.2142117
190;1;2;3;1;4;5.137629
190;2;3;2;4;1;5.1376290000000004
190;3;4;1;3;2;5.1376290000000004
190;4;1;4;2;3;5.1376290000000004
191;1;2;3;1;5;6.504332799999999
191;2;3;2;5;1;6.5043328
191;3;5;1;3;2;6.5043328
191;4;1;5;2;3;6.5043328
192;1;2;3;2;4;3.9081124
192;2;3;2;4;2;3.9081124000000003
192;3;4;2;3;2;3.9081124000000003
192;4;2;4;2;3;3.9081124000000003
193;1;2;3;2;5;5.2748162
193;2;3;2;5;2;5.2748162
193;3;5;2;3;2;5.2748162
193;4;2;5;2;3;5.2748162
194;1;2;3;3;3;3.5000955000000005
194;2;3;2;3;3;3.5000955000000005
194;3;3;3;3;2;3.5000955000000005
194;4;3;3;2;3;3.5000955000000005
195;1;2;3;3;4;4.9940049
195;2;3;2;4;3;4.9940049
195;3;4;3;3;2;4.9940049
195;4;3;4;2;3;4.9940049
196;1;2;3;3;5;6.3607087
196;2;3;2;5;3;6.3607087
196;3;5;3;3;2;6.3607087
196;4;3;5;2;3;6.3607087
197;1;2;3;4;4;6.4879143
197;2;3;2;4;4;6.4879143
197;3;4;4;3;2;6.4879143
197;4;4;4;2;3;6.4879143
198;1;2;3;4;5;7.8546181
198;2;3;2;5;4;7.8546181
198;3;5;4;3;2;7.8546181
198;4;4;5;2;3;7.8546181
199;1;2;3;5;5;9.2213219
199;2;3;2;5;5;9.2213219
199;3;5;5;3;2;9.2213219
199;4;5;5;2;3;9.2213219
200;1;2;4;0;5;6.7081211
200;2;4;2;5;0;6.7081211
200;3;5;0;4;2;6.7081211
200;4;0;5;2;4;6.7081211
201;1;2;4;1;5;7.9982422
201;2;4;2;5;1;7.9982422
201;3;5;1;4;2;7.9982422
201;4;1;5;2;4;7.9982422
202;1;2;4;2;5;6.7687256
202;2;4;2;5;2;6.7687256
202;3;5;2;4;2;6.7687256
202;4;2;5;2;4;6.7687256
203;1;2;4;3;4;6.4879143
203;2;4;2;4;3;6.4879143
203;3;4;3;4;2;6.4879143
203;4;3;4;2;4;6.4879143
204;1;2;4;3;5;7.8546181
204;2;4;2;5;3;7.8546181
204;3;5;3;4;2;7.8546181
204;4;3;5;2;4;7.8546181
205;1;2;4;4;4;7.9818237
205;2;4;2;4;4;7.9818237
205;3;4;4;4;2;7.9818237
205;4;4;4;2;4;7.9818237
206;1;2;4;4;5;9.3485275
206;2;4;2;5;4;9.3485275
206;3;5;4;4;2;9.3485275
206;4;4;5;2;4;9.3485275
207;1;2;4;5;5;10.7152313
207;2;4;2;5;5;10.7152313
207;3;5;5;4;2;10.7152313
207;4;5;5;2;4;10.7152313
208;1;2;5;3;5;9.2213219
208;2;5;2;5;3;9.2213219
208;3;5;3;5;2;9.2213219
208;4;3;5;2;5;9.2213219
209;1;2;5;4;5;10.7152313
209;2;5;2;5;4;10.7152313
209;3;5;4;5;2;10.7152313
209;4;4;5;2;5;10.7152313
210;1;2;5;5;5;12.081935099999999
210;2;5;2;5;5;12.081935099999999
210;3;5;5;5;2;12.081935099999999
210;4;5;5;2;5;12.081935099999999
211;1;3;0;0;4;3.7869034
211;2;0;3;4;0;3.7869034
211;3;4;0;0;3;3.7869034
211;4;0;4;3;0;3.7869034
212;1;3;0;0;5;5.1536072
212;2;0;3;5;0;5.1536072
212;3;5;0;0;3;5.1536072
212;4;0;5;3;0;5.1536072
213;1;3;0;1;3;3.5831151
213;2;0;3;3;1;3.5831151
213;3;3;1;0;3;3.5831151
213;4;1;3;3;0;3.5831151
214;1;3;0;1;4;5.0770245
214;2;0;3;4;1;5.0770245
214;3;4;1;0;3;5.0770245
214;4;1;4;3;0;5.0770245
215;1;3;0;1;5;6.4437283
215;2;0;3;5;1;6.4437283
215;3;5;1;0;3;6.4437283
215;4;1;5;3;0;6.4437283
216;1;3;0;2;3;2.3535985000000004
216;2;0;3;3;2;2.3535985000000004
216;3;3;2;0;3;2.3535985000000004
216;4;2;3;3;0;2.3535985000000004
217;1;3;0;2;4;3.8475079
217;2;0;3;4;2;3.8475079
217;3;4;2;0;3;3.8475079
217;4;2;4;3;0;3.8475079
218;1;3;0;2;5;5.2142117
218;2;0;3;5;2;5.2142117
218;3;5;2;0;3;5.2142117
218;4;2;5;3;0;5.2142117
219;1;3;0;3;4;4.9334004
219;2;0;3;4;3;4.9334004
219;3;4;3;0;3;4.9334004
219;4;3;4;3;0;4.9334004
220;1;3;0;3;5;6.3001042
220;2;0;3;5;3;6.3001042
220;3;5;3;0;3;6.3001042
220;4;3;5;3;0;6.3001042
221;1;3;0;4;5;7.7940135999999995
221;2;0;3;5;4;7.7940135999999995
221;3;5;4;0;3;7.7940135999999995
221;4;4;5;3;0;7.7940135999999995
222;1;3;1;0;4;5.0770245
222;2;1;3;4;0;5.0770245
222;3;4;0;1;3;5.0770245
222;4;0;4;3;1;5.0770245
223;1;3;1;0;5;6.4437283
223;2;1;3;5;0;6.4437283
223;3;5;0;1;3;6.4437283
223;4;0;5;3;1;6.4437283
224;1;3;1;1;4;6.3671456
224;2;1;3;4;1;6.367145600000001
224;3;4;1;1;3;6.3671456
224;4;1;4;3;1;6.367145600000001
225;1;3;1;1;5;7.7338493999999995
225;2;1;3;5;1;7.7338494
225;3;5;1;1;3;7.7338494
225;4;1;5;3;1;7.7338494
226;1;3;1;2;3;3.6437196000000003
226;2;1;3;3;2;3.6437196000000003
226;3;3;2;1;3;3.6437196
226;4;2;3;3;1;3.6437196000000003
227;1;3;1;2;4;5.1376290000000004
227;2;1;3;4;2;5.1376290000000004
227;3;4;2;1;3;5.1376290000000004
227;4;2;4;3;1;5.1376290000000004
228;1;3;1;2;5;6.5043328
228;2;1;3;5;2;6.5043328
228;3;5;2;1;3;6.5043328
228;4;2;5;3;1;6.5043328
229;1;3;1;3;4;6.2235215
229;2;1;3;4;3;6.2235215
229;3;4;3;1;3;6.2235215
229;4;3;4;3;1;6.2235215
230;1;3;1;3;5;7.5902253
230;2;1;3;5;3;7.5902253
230;3;5;3;1;3;7.5902253
230;4;3;5;3;1;7.5902253
231;1;3;1;4;5;9.0841347
231;2;1;3;5;4;9.0841347
231;3;5;4;1;3;9.0841347
231;4;4;5;3;1;9.0841347
232;1;3;2;0;4;3.8475079
232;2;2;3;4;0;3.8475079
232;3;4;0;2;3;3.8475079
232;4;0;4;3;2;3.8475079
233;1;3;2;0;5;5.2142117
233;2;2;3;5;0;5.2142117
233;3;5;0;2;3;5.2142117
233;4;0;5;3;2;5.2142117
234;1;3;2;1;4;5.137629
234;2;2;3;4;1;5.1376290000000004
234;3;4;1;2;3;5.1376290000000004
234;4;1;4;3;2;5.1376290000000004
235;1;3;2;1;5;6.504332799999999
235;2;2;3;5;1;6.5043328
235;3;5;1;2;3;6.5043328
235;4;1;5;3;2;6.5043328
236;1;3;2;2;4;3.9081124
236;2;2;3;4;2;3.9081124000000003
236;3;4;2;2;3;3.9081124000000003
236;4;2;4;3;2;3.9081124000000003
237;1;3;2;2;5;5.2748162
237;2;2;3;5;2;5.2748162
237;3;5;2;2;3;5.2748162
237;4;2;5;3;2;5.2748162
238;1;3;2;3;4;4.9940049
238;2;2;3;4;3;4.9940049
238;3;4;3;2;3;4.9940049
238;4;3;4;3;2;4.9940049
239;1;3;2;3;5;6.3607087
239;2;2;3;5;3;6.3607087
239;3;5;3;2;3;6.3607087
239;4;3;5;3;2;6.3607087
240;1;3;2;4;5;7.8546181
240;2;2;3;5;4;7.8546181
240;3;5;4;2;3;7.8546181
240;4;4;5;3;2;7.8546181
241;1;3;3;0;4;4.9334004
241;2;3;3;4;0;4.9334004
241;3;4;0;3;3;4.9334004
241;4;0;4;3;3;4.9334004
242;1;3;3;0;5;6.3001042
242;2;3;3;5;0;6.3001042
242;3;5;0;3;3;6.3001042
242;4;0;5;3;3;6.3001042
243;1;3;3;1;4;6.2235215
243;2;3;3;4;1;6.2235215
243;3;4;1;3;3;6.2235215
243;4;1;4;3;3;6.2235215
244;1;3;3;1;5;7.5902253
244;2;3;3;5;1;7.5902253
244;3;5;1;3;3;7.5902253
244;4;1;5;3;3;7.5902253
245;1;3;3;2;4;4.9940049
245;2;3;3;4;2;4.9940049
245;3;4;2;3;3;4.9940049
245;4;2;4;3;3;4.9940049
246;1;3;3;2;5;6.3607087
246;2;3;3;5;2;6.3607087
246;3;5;2;3;3;6.3607087
246;4;2;5;3;3;6.3607087
247;1;3;3;3;4;6.0798974
247;2;3;3;4;3;6.0798974
247;3;4;3;3;3;6.0798974
247;4;3;4;3;3;6.0798974
248;1;3;3;3;5;7.4466012
248;2;3;3;5;3;7.4466012
248;3;5;3;3;3;7.4466012
248;4;3;5;3;3;7.4466012
249;1;3;3;4;5;8.9405106
249;2;3;3;5;4;8.9405106
249;3;5;4;3;3;8.9405106
249;4;4;5;3;3;8.9405106
250;1;3;4;0;5;7.7940135999999995
250;2;4;3;5;0;7.7940135999999995
250;3;5;0;4;3;7.7940135999999995
250;4;0;5;3;4;7.7940135999999995
251;1;3;4;1;5;9.0841347
251;2;4;3;5;1;9.0841347
251;3;5;1;4;3;9.0841347
251;4;1;5;3;4;9.0841347
252;1;3;4;2;5;7.8546181
252;2;4;3;5;2;7.8546181
252;3;5;2;4;3;7.8546181
252;4;2;5;3;4;7.8546181
253;1;3;4;3;5;8.9405106
253;2;4;3;5;3;8.9405106
253;3;5;3;4;3;8.9405106
253;4;3;5;3;4;8.9405106
254;1;3;4;4;4;9.0677162
254;2;4;3;4;4;9.0677162
254;3;4;4;4;3;9.0677162
254;4;4;4;3;4;9.0677162
255;1;3;4;4;5;10.43442
255;2;4;3;5;4;10.43442
255;3;5;4;4;3;10.43442
255;4;4;5;3;4;10.43442
256;1;3;4;5;5;11.8011238
256;2;4;3;5;5;11.8011238
256;3;5;5;4;3;11.8011238
256;4;5;5;3;4;11.8011238
257;1;3;5;4;5;11.8011238
257;2;5;3;5;4;11.8011238
257;3;5;4;5;3;11.8011238
257;4;4;5;3;5;11.8011238
258;1;3;5;5;5;13.167827599999999
258;2;5;3;5;5;13.167827599999999
258;3;5;5;5;3;13.167827599999999
258;4;5;5;3;5;13.167827599999999
259;1;4;0;0;5;6.647516599999999
259;2;0;4;5;0;6.647516599999999
259;3;5;0;0;4;6.647516599999999
259;4;0;5;4;0;6.647516599999999
260;1;4;0;1;4;6.5709339
260;2;0;4;4;1;6.5709339
260;3;4;1;0;4;6.5709339
260;4;1;4;4;0;6.5709339
261;1;4;0;1;5;7.9376377
261;2;0;4;5;1;7.9376377
261;3;5;1;0;4;7.9376377
261;4;1;5;4;0;7.9376377
262;1;4;0;2;4;5.3414173
262;2;0;4;4;2;5.3414173
262;3;4;2;0;4;5.3414173
262;4;2;4;4;0;5.3414173
263;1;4;0;2;5;6.7081211
263;2;0;4;5;2;6.7081211
263;3;5;2;0;4;6.7081211
263;4;2;5;4;0;6.7081211
264;1;4;0;3;4;6.4273098
264;2;0;4;4;3;6.4273098
264;3;4;3;0;4;6.4273098
264;4;3;4;4;0;6.4273098
265;1;4;0;3;5;7.7940135999999995
265;2;0;4;5;3;7.7940135999999995
265;3;5;3;0;4;7.7940135999999995
265;4;3;5;4;0;7.7940135999999995
266;1;4;0;4;5;9.287923
266;2;0;4;5;4;9.287923
266;3;5;4;0;4;9.287923
266;4;4;5;4;0;9.287923
267;1;4;1;0;5;7.9376377
267;2;1;4;5;0;7.9376377
267;3;5;0;1;4;7.9376377
267;4;0;5;4;1;7.9376377
268;1;4;1;1;5;9.2277588
268;2;1;4;5;1;9.2277588
268;3;5;1;1;4;9.2277588
268;4;1;5;4;1;9.2277588
269;1;4;1;2;4;6.6315384
269;2;1;4;4;2;6.6315384
269;3;4;2;1;4;6.6315384
269;4;2;4;4;1;6.6315384
270;1;4;1;2;5;7.9982422
270;2;1;4;5;2;7.9982422
270;3;5;2;1;4;7.9982422
270;4;2;5;4;1;7.9982422
271;1;4;1;3;4;7.7174309
271;2;1;4;4;3;7.7174309
271;3;4;3;1;4;7.7174309
271;4;3;4;4;1;7.7174309
272;1;4;1;3;5;9.0841347
272;2;1;4;5;3;9.0841347
272;3;5;3;1;4;9.0841347
272;4;3;5;4;1;9.0841347
273;1;4;1;4;5;10.5780441
273;2;1;4;5;4;10.5780441
273;3;5;4;1;4;10.5780441
273;4;4;5;4;1;10.5780441
274;1;4;2;0;5;6.7081211
274;2;2;4;5;0;6.7081211
274;3;5;0;2;4;6.7081211
274;4;0;5;4;2;6.7081211
275;1;4;2;1;5;7.9982422
275;2;2;4;5;1;7.9982422
275;3;5;1;2;4;7.9982422
275;4;1;5;4;2;7.9982422
276;1;4;2;2;5;6.7687256
276;2;2;4;5;2;6.7687256
276;3;5;2;2;4;6.7687256
276;4;2;5;4;2;6.7687256
277;1;4;2;3;4;6.4879143
277;2;2;4;4;3;6.4879143
277;3;4;3;2;4;6.4879143
277;4;3;4;4;2;6.4879143
278;1;4;2;3;5;7.8546181
278;2;2;4;5;3;7.8546181
278;3;5;3;2;4;7.8546181
278;4;3;5;4;2;7.8546181
279;1;4;2;4;5;9.3485275
279;2;2;4;5;4;9.3485275
279;3;5;4;2;4;9.3485275
279;4;4;5;4;2;9.3485275
280;1;4;3;0;5;7.7940135999999995
280;2;3;4;5;0;7.7940135999999995
280;3;5;0;3;4;7.7940135999999995
280;4;0;5;4;3;7.7940135999999995
281;1;4;3;1;5;9.0841347
281;2;3;4;5;1;9.0841347
281;3;5;1;3;4;9.0841347
281;4;1;5;4;3;9.0841347
282;1;4;3;2;5;7.8546181
282;2;3;4;5;2;7.8546181
282;3;5;2;3;4;7.8546181
282;4;2;5;4;3;7.8546181
283;1;4;3;3;5;8.9405106
283;2;3;4;5;3;8.9405106
283;3;5;3;3;4;8.9405106
283;4;3;5;4;3;8.9405106
284;1;4;3;4;5;10.43442
284;2;3;4;5;4;10.43442
284;3;5;4;3;4;10.43442
284;4;4;5;4;3;10.43442
285;1;4;4;0;5;9.287923
285;2;4;4;5;0;9.287923
285;3;5;0;4;4;9.287923
285;4;0;5;4;4;9.287923
286;1;4;4;1;5;10.5780441
286;2;4;4;5;1;10.5780441
286;3;5;1;4;4;10.5780441
286;4;1;5;4;4;10.5780441
287;1;4;4;2;5;9.3485275
287;2;4;4;5;2;9.3485275
287;3;5;2;4;4;9.3485275
287;4;2;5;4;4;9.3485275
288;1;4;4;3;5;10.43442
288;2;4;4;5;3;10.43442
288;3;5;3;4;4;10.43442
288;4;3;5;4;4;10.43442
289;1;4;4;4;5;11.928329399999999
289;2;4;4;5;4;11.928329399999999
289;3;5;4;4;4;11.928329399999999
289;4;4;5;4;4;11.928329399999999
290;1;4;5;5;5;14.661736999999999
290;2;5;4;5;5;14.661736999999999
290;3;5;5;5;4;14.661736999999999
290;4;5;5;4;5;14.661736999999999
291;1;5;0;1;5;9.3043415
291;2;0;5;5;1;9.3043415
291;3;5;1;0;5;9.3043415
291;4;1;5;5;0;9.3043415
292;1;5;0;2;5;8.0748249
292;2;0;5;5;2;8.0748249
292;3;5;2;0;5;8.0748249
292;4;2;5;5;0;8.0748249
293;1;5;0;3;5;9.1607174
293;2;0;5;5;3;9.1607174
293;3;5;3;0;5;9.1607174
293;4;3;5;5;0;9.1607174
294;1;5;0;4;5;10.654626799999999
294;2;0;5;5;4;10.654626799999999
294;3;5;4;0;5;10.654626799999999
294;4;4;5;5;0;10.654626799999999
295;1;5;1;2;5;9.364946
295;2;1;5;5;2;9.364946
295;3;5;2;1;5;9.364946
295;4;2;5;5;1;9.364946
296;1;5;1;3;5;10.4508385
296;2;1;5;5;3;10.4508385
296;3;5;3;1;5;10.4508385
296;4;3;5;5;1;10.4508385
297;1;5;1;4;5;11.9447479
297;2;1;5;5;4;11.9447479
297;3;5;4;1;5;11.9447479
297;4;4;5;5;1;11.9447479
298;1;5;2;3;5;9.2213219
298;2;2;5;5;3;9.2213219
298;3;5;3;2;5;9.2213219
298;4;3;5;5;2;9.2213219
299;1;5;2;4;5;10.7152313
299;2;2;5;5;4;10.7152313
299;3;5;4;2;5;10.7152313
299;4;4;5;5;2;10.7152313
300;1;5;3;4;5;11.8011238
300;2;3;5;5;4;11.8011238
300;3;5;4;3;5;11.8011238
300;4;4;5;5;3;11.8011238
301;1;0;0;1;1;2.5802422
301;2;1;1;0;0;2.5802422
302;1;0;0;2;2;0.121209
302;2;2;2;0;0;0.121209
303;1;0;0;3;3;2.292994
303;2;3;3;0;0;2.292994
304;1;0;0;4;4;5.2808128
304;2;4;4;0;0;5.2808128
305;1;0;0;5;5;8.0142204
305;2;5;5;0;0;8.0142204
306;1;1;1;2;2;2.7014512
306;2;2;2;1;1;2.7014511999999997
307;1;1;1;3;3;4.8732362
307;2;3;3;1;1;4.8732362
308;1;1;1;4;4;7.8610549999999995
308;2;4;4;1;1;7.861055
309;1;1;1;5;5;10.5944626
309;2;5;5;1;1;10.5944626
310;1;2;2;3;3;2.414203
310;2;3;3;2;2;2.4142030000000005
311;1;2;2;4;4;5.4020218
311;2;4;4;2;2;5.4020218
312;1;2;2;5;5;8.1354294
312;2;5;5;2;2;8.1354294
313;1;3;3;4;4;7.5738068
313;2;4;4;3;3;7.5738068
314;1;3;3;5;5;10.3072144
314;2;5;5;3;3;10.3072144
315;1;4;4;5;5;13.295033199999999
315;2;5;5;4;4;13.295033199999999
316;1;1;0;0;1;2.5802422
316;2;0;1;1;0;2.5802422
317;1;2;0;0;2;0.121209
317;2;0;2;2;0;0.121209
318;1;2;1;1;2;2.7014512
318;2;1;2;2;1;2.7014511999999997
319;1;3;0;0;3;2.292994
319;2;0;3;3;0;2.292994
320;1;3;1;1;3;4.8732362
320;2;1;3;3;1;4.8732362
321;1;3;2;2;3;2.414203
321;2;2;3;3;2;2.4142030000000005
322;1;4;0;0;4;5.2808128
322;2;0;4;4;0;5.2808128
323;1;4;1;1;4;7.8610549999999995
323;2;1;4;4;1;7.861055
324;1;4;2;2;4;5.4020218
324;2;2;4;4;2;5.4020218
325;1;4;3;3;4;7.5738068
325;2;3;4;4;3;7.5738068
326;1;5;0;0;5;8.0142204
326;2;0;5;5;0;8.0142204
327;1;5;1;1;5;10.5944626
327;2;1;5;5;1;10.5944626
328;1;5;2;2;5;8.1354294
328;2;2;5;5;2;8.1354294
329;1;5;3;3;5;10.3072144
329;2;3;5;5;3;10.3072144
330;1;5;4;4;5;13.295033199999999
330;2;4;5;5;4;13.295033199999999
331;1;0;1;0;1;2.5802422
331;2;1;0;1;0;2.5802422
332;1;0;2;0;2;0.121209
332;2;2;0;2;0;0.121209
333;1;0;3;0;3;2.292994
333;2;3;0;3;0;2.292994
334;1;0;4;0;4;5.2808128
334;2;4;0;4;0;5.2808128
335;1;0;5;0;5;8.0142204
335;2;5;0;5;0;8.0142204
336;1;1;2;1;2;2.7014512
336;2;2;1;2;1;2.7014511999999997
337;1;1;3;1;3;4.8732362
337;2;3;1;3;1;4.8732362
338;1;1;4;1;4;7.8610549999999995
338;2;4;1;4;1;7.861055
339;1;1;5;1;5;10.5944626
339;2;5;1;5;1;10.5944626
340;1;2;3;2;3;2.414203
340;2;3;2;3;2;2.4142030000000005
341;1;2;4;2;4;5.4020218
341;2;4;2;4;2;5.4020218
342;1;2;5;2;5;8.1354294
342;2;5;2;5;2;8.1354294
343;1;3;4;3;4;7.5738068
343;2;4;3;4;3;7.5738068
344;1;3;5;3;5;10.3072144
344;2;5;3;5;3;10.3072144
345;1;4;5;4;5;13.295033199999999
345;2;5;4;5;4;13.295033199999999
346;1;1;1;1;1;5.1604844
347;1;2;2;2;2;0.242418
348;1;3;3;3;3;4.585988
349;1;4;4;4;4;10.5616256
350;1;5;5;5;5;16.0284408
